Workbook

Sheet Dashboard
B2: MICROALGAE CARBON CAPTURE CALCULATOR
B3: Flat-Panel Photobioreactor (PBR) — CO₂ Sequestration Estimation Dashboard
B4: [ COMPANY LOGO PLACEHOLDER ] | D4: Industrial Climate-Tech | Algae Bioprocessing
B5: ⚙ USER INPUTS | E5: 📊 ESTIMATED OUTPUTS
B6: Optical Density (OD) | C6: 3 | E6: Capture Factor (kg CO₂ / OD·L·year) | F6: =Calculation!C12 -> 0.25
B7: PBR Volume (Liters) | C7: 1000 | E7: Yearly CO₂ Capture (kg/year) | F7: =Calculation!C14 -> 712.5
B8: Operating Days per Year | C8: 330 | E8: Monthly CO₂ Capture (kg/month) | F8: =Calculation!C15 -> 59.375
B9: Efficiency Factor (%) [Optional] | C9: 0.95 | E9: Daily CO₂ Capture (kg/day) | F9: =Calculation!C16 -> 2.1590909
B10: Capture Factor Scenario | C10: Standard | E10: Daily Biomass Productivity (kg/day) | F10: =Calculation!C17 -> 1.1798311
E11: Yearly CO₂ Capture (tons/year) | F11: =Calculation!C18 -> 0.7125
B14: 💡 EXECUTIVE SUMMARY
B15: ="This PBR system can capture approximately "&TEXT(Calculation!C18,"#,##0.00")&" tons of CO₂ annually under the selected "&Dashboard!C10&" operating scenario (OD = "&TEXT(C6,"0.00")&", Volume = "&TEXT(C7,"#,##0")&" L, "&TEXT(C8,"0")&" operating days/year)." -> This PBR system can capture approximately 0.71 tons of CO₂ annually under the selected Standard operating scenario (OD = 3.00, Volume = 1,000 L, 330 operating days/year).
B19: ✔ Input Validation Active: OD allowed range 0.1 – 10 | Volume allowed range 10 – 1,000,000 L
B21: 📈 OD vs Yearly CO₂ Capture | E21: 📈 Volume vs Yearly CO₂ Capture
B38: © Microalgae Climate-Tech Solutions | Calculator v1.0 | Formulas editable — Inputs in green cells

Sheet Calculation
B2: CALCULATION ENGINE — Live Linked to Dashboard Inputs
B3: All formulas visible and editable. Changes to Dashboard auto-update outputs.
B5: 1) FACTOR LOOKUP TABLE
B6: Scenario | C6: Factor (kg CO₂ per OD·L·year) | D6: Description
B7: Conservative | C7: 0.18 | D7: Low-light / suboptimal operations
B8: Standard | C8: 0.25 | D8: Typical industrial flat-panel PBR
B9: Optimized | C9: 0.3 | D9: High-light, CO₂-enriched, tuned strain
B11: 2) CORE CALCULATIONS
B12: Selected Capture Factor (kg CO₂/OD·L·yr) | C12: =VLOOKUP(Dashboard!C10,B7:C9,2,FALSE) -> 0.25
B13: Effective Factor (after Efficiency) | C13: =C12*Dashboard!C9 -> 0.2375
B14: Yearly CO₂ Capture (kg/year) | C14: =Dashboard!C6*Dashboard!C7*C13 -> 712.5
B15: Monthly CO₂ Capture (kg/month) | C15: =C14/12 -> 59.375
B16: Daily CO₂ Capture (kg/day) | C16: =C14/Dashboard!C8 -> 2.1590909
B17: Daily Biomass Productivity (kg/day) | C17: =C16/1.83 -> 1.1798311
B18: Yearly CO₂ Capture (tons/year) | C18: =C14/1000 -> 0.7125
B20: 3) SENSITIVITY TABLES (for charts)
B21: OD vs Yearly CO₂ Capture (Volume & Days constant)
B22: OD | C22: Yearly CO₂ (kg/yr)
B23: 0.5 | C23: =B23*Dashboard!C7*Calculation!C13 -> 118.75
B24: 1 | C24: =B24*Dashboard!C7*Calculation!C13 -> 237.5
B25: 1.5 | C25: =B25*Dashboard!C7*Calculation!C13 -> 356.25
B26: 2 | C26: =B26*Dashboard!C7*Calculation!C13 -> 475
B27: 2.5 | C27: =B27*Dashboard!C7*Calculation!C13 -> 593.75
B28: 3 | C28: =B28*Dashboard!C7*Calculation!C13 -> 712.5
B29: 4 | C29: =B29*Dashboard!C7*Calculation!C13 -> 950
B30: 5 | C30: =B30*Dashboard!C7*Calculation!C13 -> 1187.5
B31: 7 | C31: =B31*Dashboard!C7*Calculation!C13 -> 1662.5
B32: 10 | C32: =B32*Dashboard!C7*Calculation!C13 -> 2375
B34: Volume vs Yearly CO₂ Capture (OD & Days constant)
B35: Volume (L) | C35: Yearly CO₂ (kg/yr)
B36: 100 | C36: =Dashboard!C6*B36*Calculation!C13 -> 71.25
B37: 500 | C37: =Dashboard!C6*B37*Calculation!C13 -> 356.25
B38: 1000 | C38: =Dashboard!C6*B38*Calculation!C13 -> 712.5
B39: 2500 | C39: =Dashboard!C6*B39*Calculation!C13 -> 1781.25
B40: 5000 | C40: =Dashboard!C6*B40*Calculation!C13 -> 3562.5
B41: 10000 | C41: =Dashboard!C6*B41*Calculation!C13 -> 7125
B42: 25000 | C42: =Dashboard!C6*B42*Calculation!C13 -> 17812.5
B43: 50000 | C43: =Dashboard!C6*B43*Calculation!C13 -> 35625
B44: 100000 | C44: =Dashboard!C6*B44*Calculation!C13 -> 71250
B45: 250000 | C45: =Dashboard!C6*B45*Calculation!C13 -> 178125

Sheet Assumptions
B2: 📋 ASSUMPTIONS & METHODOLOGY
B3: Engineering approximations used in this calculator
B5: Core Equation
B6: Yearly CO₂ Capture (kg/year) ≈ OD × Volume (L) × Capture Factor × Efficiency
B8: Capture Factor Scenarios
C9: • Conservative = 0.18 — Low light intensity, suboptimal mixing, lower productivity strains.
C10: • Standard = 0.25 — Typical industrial flat-panel PBR with CO₂ sparging, moderate light.
C11: • Optimized = 0.30 — High PAR, CO₂-enriched feed (5-10%), thermophilic/engineered strain, automated pH control.
B13: Key Assumptions
C14: 1. CO₂-to-biomass stoichiometric ratio = 1.83 kg CO₂ per kg dry algal biomass (based on average algal composition C₁.₀H₁.₈O₀.₅N₀.₂).
C15: 2. OD measured at 680 nm or 750 nm — correlates linearly with cell density in the operating range OD 0.1–10.
C16: 3. Capture factor expressed as kg CO₂ per (OD · Liter · Year) — empirical engineering approximation.
C17: 4. Efficiency factor (default 95%) accounts for downtime, harvest losses, evaporation, and non-photosynthetic respiration.
C18: 5. Operating days/year default = 330 (≈90% uptime including cleaning, maintenance, weather variability for outdoor systems).
C19: 6. Flat-panel PBR geometry assumed; results may differ by 10–20% for tubular or raceway systems.
C20: 7. Light source assumed to deliver ≥ 200 µmol photons m⁻² s⁻¹ PAR averaged over photoperiod.
B22: Input Validation Ranges
C23: • Optical Density (OD): 0.1 – 10.0 — values outside this range will be rejected.
C24: • PBR Volume: 10 L – 1,000,000 L — covers lab-scale to industrial deployment.
C25: • Operating Days: 1 – 365.
C26: • Efficiency Factor: 0% – 100%.
B28: References & Notes
C29: • Chisti, Y. (2007). Biodiesel from microalgae. Biotechnology Advances, 25(3), 294–306.
C30: • Acién Fernández et al. (2012). Production cost of a real microalgae production plant. Biotechnol. Adv., 30(6).
C31: • Values are engineering estimates — pilot validation recommended before commercial sizing.
